-- For Customer Rahul.
-- Data insertion into customer table.
INSERT INTO CUSTOMER (CUSTOMERID,FIRSTNAME, LASTNAME) VALUES (122, 'Rahul', 'Raj');

-- Data insertion into customerparameters table.
INSERT INTO CUSTOMERPARAMETERS (CUSTOMERID, ATTRIBUTENAME, ATTRIBUTEVALUE, DISPLAYNAME, ISMANDATORY) VALUES 
   (122, 'mobileNumber', '7892562019', 'Mobile Number', 1);

-- Data insertion into customer bill table
INSERT INTO CUSTOMERBILL (BILLER_BILLID, GENERATEDON, RECURRENCE, AMOUNTEXACTNESS, CUSTOMERID, BILLAMOUNT, BILLSTATUS) VALUES 
   (110, '2019-08-01T08:28:12Z', 'ONE_TIME', 'EXACT', 122, 900.00, 'AVAILABLE');

-- For. Customer John
-- Data insertion into customer table.
INSERT INTO CUSTOMER (CUSTOMERID,FIRSTNAME, LASTNAME) VALUES (123, 'John', 'Doe');

-- Data insertion into customerparameters table.
INSERT INTO CUSTOMERPARAMETERS (CUSTOMERID,ATTRIBUTENAME, ATTRIBUTEVALUE, DISPLAYNAME, ISMANDATORY) VALUES
  (123, 'mobileNumber', '8400313493', 'Mobile Number', 1);

-- Data insertion into customer bill table
INSERT INTO CUSTOMERBILL (BILLER_BILLID, GENERATEDON,RECURRENCE, AMOUNTEXACTNESS,CUSTOMERID,BILLAMOUNT,BILLSTATUS) VALUES
   (111, '2019-08-01T08:28:12Z', 'ONE_TIME', 'EXACT', 123, 1200.00, 'AVAILABLE');


-- For. Ramesh Kumar
-- Data insertion into customer table.
INSERT INTO CUSTOMER (CUSTOMERID,FIRSTNAME, LASTNAME) VALUES (124, 'Ramesh', 'Kumar');

-- Data insertion into customerparameters table.
INSERT INTO CUSTOMERPARAMETERS (CUSTOMERID,ATTRIBUTENAME, ATTRIBUTEVALUE, DISPLAYNAME, ISMANDATORY) VALUES
  (124, 'mobileNumber', '8400313492', 'Mobile Number', 1);

-- Data insertion into customer bill table
INSERT INTO CUSTOMERBILL (BILLER_BILLID, GENERATEDON,RECURRENCE, AMOUNTEXACTNESS,CUSTOMERID,BILLAMOUNT,BILLSTATUS) VALUES
   (112, '2019-08-01T08:28:12Z', 'ONE_TIME', 'EXACT', 124, 1200.00, 'AVAILABLE');

-- For. Mahesh Kumar
-- Data insertion into customer table.
INSERT INTO CUSTOMER (CUSTOMERID,FIRSTNAME, LASTNAME) VALUES (125, 'Mahesh', 'Kumar');

-- Data insertion into customerparameters table.
INSERT INTO CUSTOMERPARAMETERS (CUSTOMERID,ATTRIBUTENAME, ATTRIBUTEVALUE, DISPLAYNAME, ISMANDATORY) VALUES
  (125, 'mobileNumber', '8400313491', 'Mobile Number', 1);

-- Data insertion into customer bill table
INSERT INTO CUSTOMERBILL (BILLER_BILLID, GENERATEDON,RECURRENCE, AMOUNTEXACTNESS,CUSTOMERID,BILLAMOUNT,BILLSTATUS) VALUES
   (113, '2019-08-01T08:28:12Z', 'ONE_TIME', 'EXACT', 125, 1500.00, 'AVAILABLE');


-- For. Rajesh Kumar
-- Data insertion into customer table.
INSERT INTO CUSTOMER (CUSTOMERID,FIRSTNAME, LASTNAME) VALUES (126, 'Rajesh', 'Kumar');

-- Data insertion into customerparameters table.
INSERT INTO CUSTOMERPARAMETERS (CUSTOMERID,ATTRIBUTENAME, ATTRIBUTEVALUE, DISPLAYNAME, ISMANDATORY) VALUES
  (126, 'mobileNumber', '8400313490', 'Mobile Number', 1);

-- Data insertion into customer bill table
INSERT INTO CUSTOMERBILL (BILLER_BILLID, GENERATEDON,RECURRENCE, AMOUNTEXACTNESS,CUSTOMERID,BILLAMOUNT,BILLSTATUS) VALUES
   (114, '2019-08-01T08:28:12Z', 'ONE_TIME', 'EXACT', 126, 1800.00, 'AVAILABLE');



